"지역별(1)","지역별(2)",지역별(3),상품군별(1),상품군별(2),2014.1/4,2014.2/4,2014.3/4,2014.4/4,2015.1/4,2015.2/4,2015.3/4,2015.4/4,2016.1/4,2016.2/4,2016.3/4,2016.4/4,2017.1/4,2017.2/4,2017.3/4,2017.4/4,2018.1/4,2018.2/4,2018.3/4,2018.4/4,2019.1/4,2019.2/4,2019.3/4,2019.4/4,2020.1/4,2020.2/4,2020.3/4,2020.4/4,2021.1/4,2021.2/4,2021.3/4,2021.4/4,2022.1/4,2022.2/4,2022.3/4,2022.4/4,2023.1/4 p)
"합계","소계",소계,합계,소계,378879,382844,375879,509530,422330,392028,389071,497955,446312,411784,447285,602501,537696,532032,511844,662011,692111,687218,695752,896621,905483,889921,842000,998645,979379,914421,958104,1215815,1387318,1121238,1097486,1509169,1371419,1302057,1306548,1343954,1598423
"합계","소계",소계,컴퓨터 및 주변기기,소계,7857,7232,8767,12159,11401,10575,8149,13115,12454,8907,10499,12338,7123,6799,10035,13941,12527,12543,11321,17197,13180,10493,9408,17055,12348,11167,9492,19129,19096,12646,12098,21662,24298,18972,20429,24874,30801
"합계","소계",소계,가전·전자·통신기기,소계,18924,18173,23375,42605,31703,28755,29152,50393,37280,35107,44531,75184,57502,56726,55514,107531,102167,98533,98704,151967,141787,111914,97834,111482,90812,73828,59015,114376,131603,66291,56992,108149,77508,63235,72027,83723,96196
"합계","소계",소계,가전·전자·통신기기,가전·전자,-,-,-,-,-,-,-,-,-,-,-,-,-,-,-,-,-,-,-,-,-,-,-,-,-,-,-,-,-,-,-,-,-,-,-,-,69356
"합계","소계",소계,가전·전자·통신기기,통신기기,-,-,-,-,-,-,-,-,-,-,-,-,-,-,-,-,-,-,-,-,-,-,-,-,-,-,-,-,-,-,-,-,-,-,-,-,26840
"합계","소계",소계,소프트웨어,소계,905,949,899,1250,1254,1018,1171,1472,1302,996,1093,1762,1879,1870,1879,3109,2863,2665,2665,3045,3107,2975,3324,3486,3191,3572,3763,4580,6856,4170,3839,5537,3609,3107,2997,3011,3482
"합계","소계",소계,서 적,소계,2954,2345,2746,2827,3367,3163,3424,4094,4057,2903,3264,4134,4846,3993,3905,5489,5490,4811,5474,5570,5704,5546,5213,5912,6480,5859,7549,9143,13221,10029,9021,11903,11552,10513,9032,9351,10808
"합계","소계",소계,사무·문구,소계,1423,1062,1232,1796,1960,1466,1768,2259,2111,1557,1910,2798,2234,1845,1836,2515,2895,2575,2726,3754,5064,3637,3594,3996,3842,4213,4229,5166,9659,5102,4951,6750,6865,6368,6983,8566,10429
"합계","소계",소계,음반·비디오·악기,소계,1927,1930,1740,1857,1916,1890,1746,2177,1817,1733,1830,1862,1913,1684,1705,1851,2292,2338,2100,2352,2294,2247,2093,2070,2273,2166,2460,3106,3732,3321,3101,3596,3031,3493,3600,3372,4634
"합계","소계",소계,의류 및 패션 관련 상품,소계,174202,187421,167199,247712,170722,151720,149163,216888,170345,149361,164227,245731,198355,192620,170694,249895,248812,241440,247031,344993,337310,341826,316168,412873,378377,327859,364877,488847,496732,427654,417096,643005,572695,518998,513531,549093,712002
"합계","소계",소계,스포츠·레저용품,소계,4914,6203,7465,7499,6623,7716,8688,7069,6684,7443,8735,9811,9011,9905,9445,10941,10285,13209,13792,15872,17939,17640,15248,13776,13033,23291,26070,29160,38053,32094,35006,44207,36520,40819,40822,37698,57231
"합계","소계",소계,화장품,소계,26957,24364,22561,29853,30196,26913,27693,34096,33428,28657,28766,40664,39173,35041,30403,44158,42534,38878,38247,45951,49714,47897,44808,51132,52629,45484,47632,61237,67807,55288,50626,72965,65650,62530,61368,61182,74276
"합계","소계",소계,아동·유아용품,소계,13235,11860,12337,16602,16092,15269,13577,16877,16883,14255,15185,17143,12399,13936,11588,16131,15392,15509,15103,17611,17608,16144,14878,15648,14951,17988,14897,18372,36217,19975,16973,23878,22945,21177,23100,23779,23213
"합계","소계",소계,음·식료품,소계,73375,73606,73605,79968,84001,82201,82291,87768,103879,107058,107548,124351,138654,138090,141453,124598,157113,157815,165699,187737,208597,222449,228871,251241,271899,257868,277541,294912,320845,319846,328510,353888,357567,358609,357347,346830,402915
"합계","소계",소계,농축수산물,소계,108,817,2357,1924,1656,1689,1510,1209,1249,1398,1342,1579,1695,1705,1712,1520,2019,1635,1504,1247,1260,1228,1172,1293,1735,2134,3616,3545,5323,6399,5696,5548,4062,3946,3216,2474,3041
"합계","소계",소계,생활·자동차용품,소계,33754,28773,30974,36662,34190,31893,34811,38822,37927,32871,36255,42810,32297,31117,35800,39694,41014,38725,40163,44676,47247,45256,43454,48507,63080,59757,55674,68087,112083,69364,66609,86738,82116,77199,76545,72709,92741
"합계","소계",소계,기 타,소계,18348,18109,20621,26816,27248,27760,25929,21716,16897,19541,22098,22338,30614,36701,35878,40640,46707,56541,51223,54652,54674,60666,55935,60175,64727,79236,81289,96156,126090,89056,86970,121347,103000,113092,115552,117290,76655
"아시아","소계",소계,합계,소계,-,-,-,-,-,-,-,-,-,-,-,-,-,-,-,-,-,-,-,-,-,-,-,-,-,-,-,-,-,-,-,-,-,-,-,-,800023
"아시아","소계",소계,컴퓨터 및 주변기기,소계,-,-,-,-,-,-,-,-,-,-,-,-,-,-,-,-,-,-,-,-,-,-,-,-,-,-,-,-,-,-,-,-,-,-,-,-,
"아시아","소계",소계,가전·전자·통신기기,소계,-,-,-,-,-,-,-,-,-,-,-,-,-,-,-,-,-,-,-,-,-,-,-,-,-,-,-,-,-,-,-,-,-,-,-,-,
"아시아","소계",소계,가전·전자·통신기기,가전·전자,-,-,-,-,-,-,-,-,-,-,-,-,-,-,-,-,-,-,-,-,-,-,-,-,-,-,-,-,-,-,-,-,-,-,-,-,
"아시아","소계",소계,가전·전자·통신기기,통신기기,-,-,-,-,-,-,-,-,-,-,-,-,-,-,-,-,-,-,-,-,-,-,-,-,-,-,-,-,-,-,-,-,-,-,-,-,
"아시아","소계",소계,소프트웨어,소계,-,-,-,-,-,-,-,-,-,-,-,-,-,-,-,-,-,-,-,-,-,-,-,-,-,-,-,-,-,-,-,-,-,-,-,-,
"아시아","소계",소계,서 적,소계,-,-,-,-,-,-,-,-,-,-,-,-,-,-,-,-,-,-,-,-,-,-,-,-,-,-,-,-,-,-,-,-,-,-,-,-,
"아시아","소계",소계,사무·문구,소계,-,-,-,-,-,-,-,-,-,-,-,-,-,-,-,-,-,-,-,-,-,-,-,-,-,-,-,-,-,-,-,-,-,-,-,-,
"아시아","소계",소계,음반·비디오·악기,소계,-,-,-,-,-,-,-,-,-,-,-,-,-,-,-,-,-,-,-,-,-,-,-,-,-,-,-,-,-,-,-,-,-,-,-,-,
"아시아","소계",소계,의류 및 패션 관련 상품,소계,-,-,-,-,-,-,-,-,-,-,-,-,-,-,-,-,-,-,-,-,-,-,-,-,-,-,-,-,-,-,-,-,-,-,-,-,
"아시아","소계",소계,스포츠·레저용품,소계,-,-,-,-,-,-,-,-,-,-,-,-,-,-,-,-,-,-,-,-,-,-,-,-,-,-,-,-,-,-,-,-,-,-,-,-,
"아시아","소계",소계,화장품,소계,-,-,-,-,-,-,-,-,-,-,-,-,-,-,-,-,-,-,-,-,-,-,-,-,-,-,-,-,-,-,-,-,-,-,-,-,
"아시아","소계",소계,아동·유아용품,소계,-,-,-,-,-,-,-,-,-,-,-,-,-,-,-,-,-,-,-,-,-,-,-,-,-,-,-,-,-,-,-,-,-,-,-,-,
"아시아","소계",소계,음·식료품,소계,-,-,-,-,-,-,-,-,-,-,-,-,-,-,-,-,-,-,-,-,-,-,-,-,-,-,-,-,-,-,-,-,-,-,-,-,
"아시아","소계",소계,농축수산물,소계,-,-,-,-,-,-,-,-,-,-,-,-,-,-,-,-,-,-,-,-,-,-,-,-,-,-,-,-,-,-,-,-,-,-,-,-,
"아시아","소계",소계,생활·자동차용품,소계,-,-,-,-,-,-,-,-,-,-,-,-,-,-,-,-,-,-,-,-,-,-,-,-,-,-,-,-,-,-,-,-,-,-,-,-,
"아시아","소계",소계,기 타,소계,-,-,-,-,-,-,-,-,-,-,-,-,-,-,-,-,-,-,-,-,-,-,-,-,-,-,-,-,-,-,-,-,-,-,-,-,
"아시아","중국",소계,합계,소계,50683,57402,52947,64749,30907,22849,29125,37194,35156,33242,41530,64234,47338,60653,60172,89898,93306,119089,122822,172962,171078,166980,158328,166062,141496,232757,203157,240807,455515,243981,246306,390437,328543,352352,396875,408046,655034
"아시아","중국",소계,컴퓨터 및 주변기기,소계,464,619,1666,1769,1417,962,1015,1579,1789,1389,1388,1960,985,1102,3443,4192,1838,1479,2105,2961,3025,2610,2204,2858,1851,4532,3100,3929,7917,3935,4110,5892,8327,7438,10121,10429,
"아시아","중국",소계,가전·전자·통신기기,소계,2699,3075,3302,5124,3246,3695,4829,6622,6214,7469,9409,10948,7735,12071,10263,19273,20728,31376,30880,50430,49966,38146,31213,29070,21998,32716,22888,33498,70160,22738,19334,35549,28777,25704,32521,41773,
"아시아","중국",소계,가전·전자·통신기기,가전·전자,-,-,-,-,-,-,-,-,-,-,-,-,-,-,-,-,-,-,-,-,-,-,-,-,-,-,-,-,-,-,-,-,-,-,-,-,
"아시아","중국",소계,가전·전자·통신기기,통신기기,-,-,-,-,-,-,-,-,-,-,-,-,-,-,-,-,-,-,-,-,-,-,-,-,-,-,-,-,-,-,-,-,-,-,-,-,
"아시아","중국",소계,소프트웨어,소계,67,75,48,145,94,61,60,44,26,29,32,73,118,196,219,592,645,643,669,504,613,769,1168,782,1000,1945,1940,1630,3814,1134,1250,1746,1166,785,801,754,
"아시아","중국",소계,서 적,소계,339,192,319,246,393,367,253,309,356,206,217,394,299,368,342,872,580,441,484,616,678,785,831,1162,1009,1574,1393,1676,4300,1703,1182,1580,1513,1298,1182,1273,
"아시아","중국",소계,사무·문구,소계,84,63,48,49,73,64,86,136,125,149,227,686,377,314,311,564,643,641,713,1326,1868,1087,1116,1264,1067,2127,1553,1667,5707,1654,1722,2606,2408,2387,2799,3072,
"아시아","중국",소계,음반·비디오·악기,소계,10,16,13,13,13,9,32,54,51,81,43,63,102,61,35,47,92,56,84,204,216,158,245,210,193,272,263,317,580,262,260,346,329,363,397,363,
"아시아","중국",소계,의류 및 패션 관련 상품,소계,41134,48182,41636,49243,18174,8993,12617,15300,16346,13106,17029,33345,22021,23174,23506,36414,34491,39088,45930,65742,61484,67400,64971,75830,57261,82738,82253,96012,147006,110485,120021,204665,164709,184697,188656,208207,
"아시아","중국",소계,스포츠·레저용품,소계,69,76,121,221,148,202,261,355,328,478,620,916,822,1215,1261,1373,1598,3168,3411,5978,7148,7213,6105,4424,4118,9517,8815,9099,16145,9931,10641,16656,12413,15019,15675,13866,
"아시아","중국",소계,화장품,소계,3470,2890,2944,3542,3302,2734,3404,4087,3422,2939,3288,4118,3781,4141,4339,6820,6896,7617,8176,10228,11243,10981,9484,11036,11416,14290,13250,15937,22768,14722,13698,18384,16304,16687,17597,17413,
"아시아","중국",소계,아동·유아용품,소계,359,649,898,971,950,1408,1620,1968,2220,2834,3879,4556,2915,4858,4110,5248,5539,5712,5559,6932,7840,6487,6411,4894,4085,9027,5919,6965,23713,7863,6110,9963,9027,8320,10006,9549,
"아시아","중국",소계,음·식료품,소계,113,69,214,377,131,596,293,379,481,440,496,1049,1187,1667,1939,1435,1579,2747,2656,5216,4199,4182,5732,6840,6275,12773,11936,13263,21165,14999,15754,20220,21863,21040,41097,29317,
"아시아","중국",소계,농축수산물,소계,0,0,0,0,0,5,2,13,42,62,35,40,17,15,25,9,10,6,293,14,24,26,20,114,422,874,2155,1854,3082,4043,3678,3446,1777,1852,1741,998,
"아시아","중국",소계,생활·자동차용품,소계,1107,546,556,794,820,1158,1412,1445,1312,1528,2237,3621,1888,2458,2611,4206,5342,6285,6611,8714,9626,8773,9181,9636,15139,25269,16303,20120,62219,22729,21069,29275,24397,25480,26196,25003,
"아시아","중국",소계,기 타,소계,767,952,1182,2256,2149,2597,3241,4904,2442,2531,2627,2465,5091,9012,7767,8853,13324,19832,15252,14098,13149,18363,19644,17943,15665,35102,31391,34840,66937,27781,27477,40109,35531,41277,48085,46030,
"아시아","일본",소계,합계,소계,9998,10624,9057,16465,17163,16757,16991,21881,22934,23268,24969,33025,40779,41717,37319,48069,48728,48276,46148,54008,59661,63721,47202,47973,49641,54341,58102,73229,72943,79112,76323,100671,92850,103755,105305,125289,120173
"아시아","일본",소계,컴퓨터 및 주변기기,소계,777,680,348,657,708,247,243,297,238,237,252,371,427,455,295,772,845,416,457,526,556,555,458,522,793,795,773,992,1234,1257,1138,1201,1362,1112,1273,1060,
"아시아","일본",소계,가전·전자·통신기기,소계,1063,1054,890,2521,1693,1458,1317,1799,1919,1895,1573,2089,2423,2336,1935,4196,3907,3263,2682,4547,4897,4683,3157,3239,3232,2834,2592,3768,3556,3380,3081,4469,4536,4957,5318,6540,
"아시아","일본",소계,가전·전자·통신기기,가전·전자,-,-,-,-,-,-,-,-,-,-,-,-,-,-,-,-,-,-,-,-,-,-,-,-,-,-,-,-,-,-,-,-,-,-,-,-,
"아시아","일본",소계,가전·전자·통신기기,통신기기,-,-,-,-,-,-,-,-,-,-,-,-,-,-,-,-,-,-,-,-,-,-,-,-,-,-,-,-,-,-,-,-,-,-,-,-,
"아시아","일본",소계,소프트웨어,소계,247,245,187,288,332,344,367,440,480,387,459,625,682,741,845,987,933,929,873,867,1106,873,999,1054,808,711,782,1043,1279,1571,1451,1984,1021,1183,1121,1355,
"아시아","일본",소계,서 적,소계,365,313,276,357,399,435,615,563,692,491,593,686,674,727,651,789,838,829,857,936,987,920,799,805,753,858,836,1094,1351,1641,1388,1672,1699,1904,1911,2360,
"아시아","일본",소계,사무·문구,소계,104,106,91,137,162,146,155,302,344,242,348,515,687,548,521,603,694,658,624,713,950,860,748,792,846,812,805,1014,1185,1249,1092,1411,1403,1491,1414,1713,
"아시아","일본",소계,음반·비디오·악기,소계,461,434,444,558,601,633,607,793,635,571,482,648,915,765,790,907,1074,1155,1045,1079,954,954,868,792,915,807,1007,1301,1227,1458,1296,1466,1154,1636,1770,1846,
"아시아","일본",소계,의류 및 패션 관련 상품,소계,1940,2559,1833,3929,3873,4482,4940,6395,6140,5892,6280,8997,10850,11039,9378,12573,12930,12950,12842,14713,16177,18766,13068,13582,13204,14844,14774,20245,18539,20457,19612,28653,26618,29109,31085,42360,
"아시아","일본",소계,스포츠·레저용품,소계,774,643,642,855,849,1065,1055,1212,1017,1096,1317,1645,1786,1936,1984,2356,2316,2792,2789,2945,2576,2841,2254,2243,2117,3038,3884,4416,4154,5490,5725,6715,5746,7424,7580,8384,
"아시아","일본",소계,화장품,소계,65,81,154,160,239,274,350,558,831,1132,1322,1778,2225,2235,2074,3399,3062,3283,3440,3602,4666,5158,4557,4489,4189,3528,3841,4985,4553,5309,5087,6024,5040,6014,5483,5642,
"아시아","일본",소계,아동·유아용품,소계,1560,1543,1474,3365,3119,2888,2554,3419,3460,3283,3495,4282,4669,4293,3514,5282,4983,4760,4241,4723,4407,3915,3087,3676,3492,3603,3419,4186,4683,5188,4604,5703,5927,6153,6399,7480,
"아시아","일본",소계,음·식료품,소계,331,378,422,531,875,637,856,1549,2911,2713,3286,4822,7952,8485,7403,6052,7452,6527,6480,7337,8593,9013,5309,4767,5481,5991,6215,7552,9527,8268,8341,10112,11229,11375,11823,12971,
"아시아","일본",소계,농축수산물,소계,0,1,0,0,0,0,0,1,3,3,4,4,2,3,4,4,4,5,6,11,3,5,5,6,6,10,7,16,26,16,15,22,19,16,16,19,
"아시아","일본",소계,생활·자동차용품,소계,904,1049,821,1246,1388,1522,1739,2042,2239,2237,2675,3238,2555,2461,2341,2870,3120,2971,3003,3353,3747,4150,3241,3261,3812,4063,4618,5459,5600,6007,5506,6758,7628,8501,9091,9715,
"아시아","일본",소계,기 타,소계,1405,1541,1476,1862,2923,2624,2191,2505,2025,3091,2883,3324,4930,5694,5587,7276,6569,7739,6810,8657,10043,11029,8654,8746,9993,12449,14549,17157,16031,17819,17986,24480,19473,22879,21026,23846,
"아시아","아세안",소계,합계,소계,773,757,625,1168,1436,1114,817,1812,1773,2606,2643,2960,3719,3078,3212,2615,2628,2316,2817,3188,3170,3474,3368,4967,5917,6582,8050,12130,12480,15963,17357,21278,20088,21571,24138,20258,21907
"아시아","아세안",소계,컴퓨터 및 주변기기,소계,13,21,15,31,39,44,21,18,20,16,31,15,36,29,37,56,70,91,75,106,60,53,77,77,59,85,78,65,111,200,146,245,307,298,282,281,
"아시아","아세안",소계,가전·전자·통신기기,소계,11,36,25,89,78,167,38,58,33,44,58,231,170,84,106,141,154,106,213,297,175,125,128,1147,484,337,1071,1890,1006,928,1307,1874,2045,2261,2996,3693,
"아시아","아세안",소계,가전·전자·통신기기,가전·전자,-,-,-,-,-,-,-,-,-,-,-,-,-,-,-,-,-,-,-,-,-,-,-,-,-,-,-,-,-,-,-,-,-,-,-,-,
"아시아","아세안",소계,가전·전자·통신기기,통신기기,-,-,-,-,-,-,-,-,-,-,-,-,-,-,-,-,-,-,-,-,-,-,-,-,-,-,-,-,-,-,-,-,-,-,-,-,
"아시아","아세안",소계,소프트웨어,소계,0,0,16,0,3,13,0,1,0,0,0,0,1,1,1,0,4,6,0,0,2,0,2,0,2,17,5,17,19,252,21,29,3,4,1,0,
"아시아","아세안",소계,서 적,소계,10,20,11,8,14,18,9,38,5,8,11,18,355,12,14,13,34,17,14,10,23,12,13,9,76,28,51,54,74,77,92,103,105,110,146,141,
"아시아","아세안",소계,사무·문구,소계,4,2,6,8,3,4,1,6,3,6,6,8,8,6,15,13,15,9,5,6,6,2,10,17,11,16,50,80,66,38,37,49,87,63,82,91,
"아시아","아세안",소계,음반·비디오·악기,소계,1,2,5,2,0,1,0,1,1,,2,3,2,1,0,0,2,11,4,2,2,4,3,5,4,7,9,10,13,18,7,11,14,16,8,6,
"아시아","아세안",소계,의류 및 패션 관련 상품,소계,182,145,121,138,165,165,224,1145,1260,1601,1549,1493,1698,1789,2070,1732,1764,1643,1859,1750,1589,1984,1709,1757,2419,2658,3035,3470,2624,5499,7615,8810,6144,5626,4418,2702,
"아시아","아세안",소계,스포츠·레저용품,소계,9,10,5,6,17,4,1,6,1,21,2,4,5,9,64,4,7,8,20,11,15,6,6,9,28,51,77,113,36,58,145,136,58,111,101,67,
"아시아","아세안",소계,화장품,소계,32,45,23,54,61,74,31,31,20,41,31,92,77,54,73,102,48,49,32,58,91,108,125,110,170,257,586,939,1067,1446,1473,1450,1349,1590,1674,1273,
"아시아","아세안",소계,아동·유아용품,소계,2,11,8,8,26,50,16,25,19,20,22,39,31,34,23,16,22,24,36,36,24,19,31,59,33,33,42,62,63,65,73,96,133,105,107,107,
"아시아","아세안",소계,음·식료품,소계,386,356,281,645,687,351,289,374,311,738,821,948,1108,946,690,412,365,167,374,702,928,870,993,1284,1413,1906,1723,3971,6068,5409,4661,6079,6951,7660,7747,7060,
"아시아","아세안",소계,농축수산물,소계,5,3,4,8,8,5,2,1,2,3,5,4,3,6,6,4,2,2,1,4,10,8,5,3,2,5,5,27,68,85,71,162,422,383,267,257,
"아시아","아세안",소계,생활·자동차용품,소계,33,26,43,89,84,33,31,40,26,43,42,48,47,38,45,55,42,62,51,65,73,112,116,214,908,429,595,610,604,702,783,1011,965,1146,1353,1126,
"아시아","아세안",소계,기 타,소계,84,80,63,80,250,184,152,68,70,64,61,54,179,69,69,68,100,122,135,142,172,169,151,272,306,752,722,822,663,1184,927,1224,1505,2201,4956,3454,
"아시아","중동",소계,합계,소계,295,369,70,284,214,345,272,193,191,111,187,151,180,297,189,149,264,286,218,223,253,332,363,465,467,435,629,744,854,788,880,911,1072,832,865,915,1466
"아시아","중동",소계,컴퓨터 및 주변기기,소계,3,2,1,4,34,4,4,4,3,6,4,6,2,9,3,5,18,2,3,4,2,1,5,8,13,9,14,9,18,8,12,10,21,17,14,13,
"아시아","중동",소계,가전·전자·통신기기,소계,143,289,27,179,79,18,53,46,66,25,11,18,31,35,18,11,25,11,6,22,5,8,11,51,81,29,103,38,24,8,9,35,119,13,14,13,
"아시아","중동",소계,가전·전자·통신기기,가전·전자,-,-,-,-,-,-,-,-,-,-,-,-,-,-,-,-,-,-,-,-,-,-,-,-,-,-,-,-,-,-,-,-,-,-,-,-,
"아시아","중동",소계,가전·전자·통신기기,통신기기,-,-,-,-,-,-,-,-,-,-,-,-,-,-,-,-,-,-,-,-,-,-,-,-,-,-,-,-,-,-,-,-,-,-,-,-,
"아시아","중동",소계,소프트웨어,소계,0,0,1,0,6,0,5,3,2,0,0,0,4,3,0,1,0,0,0,0,0,1,0,0,0,0,0,0,0,0,0,1,0,0,1,0,
"아시아","중동",소계,서 적,소계,0,0,0,0,7,1,10,3,3,0,0,1,3,3,1,0,0,0,0,0,0,0,2,0,1,0,1,2,0,2,8,2,3,3,2,3,
"아시아","중동",소계,사무·문구,소계,1,,,3,0,0,0,0,1,1,0,1,0,1,2,2,17,0,0,0,1,2,1,1,1,1,2,2,2,2,3,4,10,4,0,4,
"아시아","중동",소계,음반·비디오·악기,소계,2,,,,,0,0,0,,,,,5,1,0,0,0,0,0,0,0,2,1,1,2,2,2,2,8,5,5,10,6,7,8,0,
"아시아","중동",소계,의류 및 패션 관련 상품,소계,13,17,4,13,24,260,55,47,64,46,103,45,64,102,91,61,105,101,157,138,167,202,219,268,233,261,337,454,474,322,332,395,252,316,415,451,
"아시아","중동",소계,스포츠·레저용품,소계,0,0,3,1,2,0,,0,0,0,0,1,1,6,2,0,0,2,4,1,2,3,6,1,0,1,1,4,2,0,3,5,0,0,19,15,
"아시아","중동",소계,화장품,소계,2,0,0,2,2,1,1,1,1,3,4,1,4,10,3,3,4,0,1,2,7,19,17,36,33,21,32,29,34,21,29,61,54,43,38,44,
"아시아","중동",소계,아동·유아용품,소계,0,0,0,,1,0,3,3,1,0,1,0,2,2,1,0,0,0,2,0,2,1,0,1,0,2,0,1,3,2,2,2,6,3,5,14,
"아시아","중동",소계,음·식료품,소계,83,36,3,33,11,4,19,18,4,8,21,30,9,28,17,21,41,7,5,8,21,37,24,34,37,22,19,25,48,91,144,174,272,177,183,209,
"아시아","중동",소계,농축수산물,소계,0,,0,,0,,0,0,,,,,0,0,0,0,0,0,0,0,0,2,0,1,0,2,0,1,2,2,1,0,5,0,2,2,
"아시아","중동",소계,생활·자동차용품,소계,10,8,7,24,7,13,11,9,5,9,2,3,6,18,16,10,7,8,12,9,23,26,14,23,16,18,11,19,27,20,24,29,66,58,41,56,
"아시아","중동",소계,기 타,소계,36,16,21,27,40,44,113,59,41,11,43,45,48,77,34,36,44,153,26,36,20,28,63,39,46,66,106,160,208,306,307,184,260,189,121,93,
"아시아","기타 아시아",소계,합계,소계,-,-,-,-,-,-,-,-,-,-,-,-,-,-,-,-,-,-,-,-,-,-,-,-,-,-,-,-,-,-,-,-,-,-,-,-,1443
"아시아","기타 아시아",소계,컴퓨터 및 주변기기,소계,-,-,-,-,-,-,-,-,-,-,-,-,-,-,-,-,-,-,-,-,-,-,-,-,-,-,-,-,-,-,-,-,-,-,-,-,
"아시아","기타 아시아",소계,가전·전자·통신기기,소계,-,-,-,-,-,-,-,-,-,-,-,-,-,-,-,-,-,-,-,-,-,-,-,-,-,-,-,-,-,-,-,-,-,-,-,-,
"아시아","기타 아시아",소계,가전·전자·통신기기,가전·전자,-,-,-,-,-,-,-,-,-,-,-,-,-,-,-,-,-,-,-,-,-,-,-,-,-,-,-,-,-,-,-,-,-,-,-,-,
"아시아","기타 아시아",소계,가전·전자·통신기기,통신기기,-,-,-,-,-,-,-,-,-,-,-,-,-,-,-,-,-,-,-,-,-,-,-,-,-,-,-,-,-,-,-,-,-,-,-,-,
"아시아","기타 아시아",소계,소프트웨어,소계,-,-,-,-,-,-,-,-,-,-,-,-,-,-,-,-,-,-,-,-,-,-,-,-,-,-,-,-,-,-,-,-,-,-,-,-,
"아시아","기타 아시아",소계,서 적,소계,-,-,-,-,-,-,-,-,-,-,-,-,-,-,-,-,-,-,-,-,-,-,-,-,-,-,-,-,-,-,-,-,-,-,-,-,
"아시아","기타 아시아",소계,사무·문구,소계,-,-,-,-,-,-,-,-,-,-,-,-,-,-,-,-,-,-,-,-,-,-,-,-,-,-,-,-,-,-,-,-,-,-,-,-,
"아시아","기타 아시아",소계,음반·비디오·악기,소계,-,-,-,-,-,-,-,-,-,-,-,-,-,-,-,-,-,-,-,-,-,-,-,-,-,-,-,-,-,-,-,-,-,-,-,-,
"아시아","기타 아시아",소계,의류 및 패션 관련 상품,소계,-,-,-,-,-,-,-,-,-,-,-,-,-,-,-,-,-,-,-,-,-,-,-,-,-,-,-,-,-,-,-,-,-,-,-,-,
"아시아","기타 아시아",소계,스포츠·레저용품,소계,-,-,-,-,-,-,-,-,-,-,-,-,-,-,-,-,-,-,-,-,-,-,-,-,-,-,-,-,-,-,-,-,-,-,-,-,
"아시아","기타 아시아",소계,화장품,소계,-,-,-,-,-,-,-,-,-,-,-,-,-,-,-,-,-,-,-,-,-,-,-,-,-,-,-,-,-,-,-,-,-,-,-,-,
"아시아","기타 아시아",소계,아동·유아용품,소계,-,-,-,-,-,-,-,-,-,-,-,-,-,-,-,-,-,-,-,-,-,-,-,-,-,-,-,-,-,-,-,-,-,-,-,-,
"아시아","기타 아시아",소계,음·식료품,소계,-,-,-,-,-,-,-,-,-,-,-,-,-,-,-,-,-,-,-,-,-,-,-,-,-,-,-,-,-,-,-,-,-,-,-,-,
"아시아","기타 아시아",소계,농축수산물,소계,-,-,-,-,-,-,-,-,-,-,-,-,-,-,-,-,-,-,-,-,-,-,-,-,-,-,-,-,-,-,-,-,-,-,-,-,
"아시아","기타 아시아",소계,생활·자동차용품,소계,-,-,-,-,-,-,-,-,-,-,-,-,-,-,-,-,-,-,-,-,-,-,-,-,-,-,-,-,-,-,-,-,-,-,-,-,
"아시아","기타 아시아",소계,기 타,소계,-,-,-,-,-,-,-,-,-,-,-,-,-,-,-,-,-,-,-,-,-,-,-,-,-,-,-,-,-,-,-,-,-,-,-,-,
"북미","소계",소계,합계,소계,-,-,-,-,-,-,-,-,-,-,-,-,-,-,-,-,-,-,-,-,-,-,-,-,-,-,-,-,-,-,-,-,-,-,-,-,508091
"북미","소계",소계,컴퓨터 및 주변기기,소계,-,-,-,-,-,-,-,-,-,-,-,-,-,-,-,-,-,-,-,-,-,-,-,-,-,-,-,-,-,-,-,-,-,-,-,-,
"북미","소계",소계,가전·전자·통신기기,소계,-,-,-,-,-,-,-,-,-,-,-,-,-,-,-,-,-,-,-,-,-,-,-,-,-,-,-,-,-,-,-,-,-,-,-,-,
"북미","소계",소계,가전·전자·통신기기,가전·전자,-,-,-,-,-,-,-,-,-,-,-,-,-,-,-,-,-,-,-,-,-,-,-,-,-,-,-,-,-,-,-,-,-,-,-,-,
"북미","소계",소계,가전·전자·통신기기,통신기기,-,-,-,-,-,-,-,-,-,-,-,-,-,-,-,-,-,-,-,-,-,-,-,-,-,-,-,-,-,-,-,-,-,-,-,-,
"북미","소계",소계,소프트웨어,소계,-,-,-,-,-,-,-,-,-,-,-,-,-,-,-,-,-,-,-,-,-,-,-,-,-,-,-,-,-,-,-,-,-,-,-,-,
"북미","소계",소계,서 적,소계,-,-,-,-,-,-,-,-,-,-,-,-,-,-,-,-,-,-,-,-,-,-,-,-,-,-,-,-,-,-,-,-,-,-,-,-,
"북미","소계",소계,사무·문구,소계,-,-,-,-,-,-,-,-,-,-,-,-,-,-,-,-,-,-,-,-,-,-,-,-,-,-,-,-,-,-,-,-,-,-,-,-,
"북미","소계",소계,음반·비디오·악기,소계,-,-,-,-,-,-,-,-,-,-,-,-,-,-,-,-,-,-,-,-,-,-,-,-,-,-,-,-,-,-,-,-,-,-,-,-,
"북미","소계",소계,의류 및 패션 관련 상품,소계,-,-,-,-,-,-,-,-,-,-,-,-,-,-,-,-,-,-,-,-,-,-,-,-,-,-,-,-,-,-,-,-,-,-,-,-,
"북미","소계",소계,스포츠·레저용품,소계,-,-,-,-,-,-,-,-,-,-,-,-,-,-,-,-,-,-,-,-,-,-,-,-,-,-,-,-,-,-,-,-,-,-,-,-,
"북미","소계",소계,화장품,소계,-,-,-,-,-,-,-,-,-,-,-,-,-,-,-,-,-,-,-,-,-,-,-,-,-,-,-,-,-,-,-,-,-,-,-,-,
"북미","소계",소계,아동·유아용품,소계,-,-,-,-,-,-,-,-,-,-,-,-,-,-,-,-,-,-,-,-,-,-,-,-,-,-,-,-,-,-,-,-,-,-,-,-,
"북미","소계",소계,음·식료품,소계,-,-,-,-,-,-,-,-,-,-,-,-,-,-,-,-,-,-,-,-,-,-,-,-,-,-,-,-,-,-,-,-,-,-,-,-,
"북미","소계",소계,농축수산물,소계,-,-,-,-,-,-,-,-,-,-,-,-,-,-,-,-,-,-,-,-,-,-,-,-,-,-,-,-,-,-,-,-,-,-,-,-,
"북미","소계",소계,생활·자동차용품,소계,-,-,-,-,-,-,-,-,-,-,-,-,-,-,-,-,-,-,-,-,-,-,-,-,-,-,-,-,-,-,-,-,-,-,-,-,
"북미","소계",소계,기 타,소계,-,-,-,-,-,-,-,-,-,-,-,-,-,-,-,-,-,-,-,-,-,-,-,-,-,-,-,-,-,-,-,-,-,-,-,-,
"북미","미국",소계,합계,소계,280103,275464,271449,370916,308221,286357,276984,356800,303613,266901,281975,369973,310896,305647,288902,381458,385832,364920,367253,444248,440926,427191,411939,488589,484162,383212,413077,531115,526665,481684,461458,600910,554260,512285,475212,462842,491570
"북미","미국",소계,컴퓨터 및 주변기기,소계,6509,5825,6575,9571,9035,9133,6675,11016,10180,7068,8613,9722,5437,5003,6086,8696,9521,10335,8501,13232,9275,7010,6332,13305,9352,5444,5081,13687,9271,6615,6139,13548,13522,9471,8153,12408,
"북미","미국",소계,가전·전자·통신기기,소계,13378,11671,16732,31516,22018,17989,18272,34530,21478,19773,27654,53318,38206,34453,35579,74828,68238,55371,56762,83943,74113,58707,54033,66037,50451,25633,20956,61216,41553,27252,22809,53131,27600,20254,21649,22817,
"북미","미국",소계,가전·전자·통신기기,가전·전자,-,-,-,-,-,-,-,-,-,-,-,-,-,-,-,-,-,-,-,-,-,-,-,-,-,-,-,-,-,-,-,-,-,-,-,-,
"북미","미국",소계,가전·전자·통신기기,통신기기,-,-,-,-,-,-,-,-,-,-,-,-,-,-,-,-,-,-,-,-,-,-,-,-,-,-,-,-,-,-,-,-,-,-,-,-,
"북미","미국",소계,소프트웨어,소계,538,518,496,740,730,493,576,823,639,456,454,931,907,781,713,1359,1127,971,982,1354,1226,1162,938,1400,1136,715,797,1558,1469,919,879,1444,1214,988,911,736,
"북미","미국",소계,서 적,소계,1991,1585,1901,1984,2339,1943,2266,2887,2655,1826,2037,2625,3016,2474,2479,3276,3523,3030,3490,3368,3305,3008,2804,3008,3562,2393,3576,4426,5059,4101,4109,5307,4901,4393,4026,3226,
"북미","미국",소계,사무·문구,소계,1157,839,1030,1507,1609,1145,1423,1672,1485,1021,1200,1406,955,779,811,1139,1273,1046,1147,1402,1826,1425,1439,1593,1571,967,1414,1817,2165,1666,1693,2190,2421,1944,2264,3138,
"북미","미국",소계,음반·비디오·악기,소계,1224,1145,1139,1105,1125,987,891,1101,961,886,1015,901,661,593,630,669,806,827,729,740,784,710,681,757,830,744,826,1074,1468,1125,1103,1287,1048,1084,1038,727,
"북미","미국",소계,의류 및 패션 관련 상품,소계,117794,123449,109171,172227,122861,112444,105417,159826,114793,93698,97301,136999,98441,97879,74801,124121,109585,102716,99532,127316,121829,120499,109792,136368,124976,92325,99769,136504,143650,115983,94386,152758,145258,122742,113658,101315,
"북미","미국",소계,스포츠·레저용품,소계,3535,4568,5351,5216,4397,4370,4893,4557,4284,4368,4936,5969,5130,5382,4515,6078,5320,6052,6100,5658,6957,5991,5072,5745,5268,8578,10660,12595,14951,13056,15209,16862,14450,14025,12639,10996,
"북미","미국",소계,화장품,소계,18883,17041,15735,20607,20620,18254,18001,19796,17843,15048,15140,20810,19345,17769,15278,21210,19883,17765,17054,19560,20674,18826,18254,20750,21437,16052,16893,23196,22138,19599,18120,29316,24763,23935,21820,21248,
"북미","미국",소계,아동·유아용품,소계,11015,9378,9580,11891,11425,10135,8762,10723,10567,7103,7098,7426,4139,3791,3303,4848,4162,4304,4565,5120,4569,4764,4109,5645,5572,3617,3739,5340,5401,4987,4503,5974,5791,4955,4935,5201,
"북미","미국",소계,음·식료품,소계,61382,60780,59215,62409,64761,64721,64802,67834,80269,81718,80422,89712,99183,101233,105320,92308,117561,117913,122758,134579,148536,158518,167522,184111,200709,187049,203330,212042,223502,232951,239731,248826,249344,250597,231927,230443,
"북미","미국",소계,농축수산물,소계,95,782,2310,1877,1609,1645,1456,1165,1171,1294,1259,1457,1566,1583,1583,1404,1900,1530,1122,1127,1118,1099,1037,1085,1229,1142,1348,1573,1878,1936,1713,1634,1609,1521,1030,1048,
"북미","미국",소계,생활·자동차용품,소계,28809,24530,27044,30830,28131,25548,27525,30603,28937,23540,25412,27683,20417,19347,22475,24129,23917,22003,22799,23894,24445,23663,21772,25578,31613,19675,22824,28568,28210,25987,25796,33329,32751,27610,26617,23057,
"북미","미국",소계,기 타,소계,13792,13352,15169,19436,17561,17551,16025,10268,8349,9100,9436,11017,13494,14581,15332,17394,19013,21056,21711,22959,22268,21811,18151,23206,26458,18874,21866,27520,25952,25504,25267,35305,29589,28767,24545,26485,
"북미","캐나다",소계,합계,소계,-,-,-,-,-,-,-,-,-,-,-,-,-,-,-,-,-,-,-,-,-,-,-,-,-,-,-,-,-,-,-,-,-,-,-,-,16520
"북미","캐나다",소계,컴퓨터 및 주변기기,소계,-,-,-,-,-,-,-,-,-,-,-,-,-,-,-,-,-,-,-,-,-,-,-,-,-,-,-,-,-,-,-,-,-,-,-,-,
"북미","캐나다",소계,가전·전자·통신기기,소계,-,-,-,-,-,-,-,-,-,-,-,-,-,-,-,-,-,-,-,-,-,-,-,-,-,-,-,-,-,-,-,-,-,-,-,-,
"북미","캐나다",소계,가전·전자·통신기기,가전·전자,-,-,-,-,-,-,-,-,-,-,-,-,-,-,-,-,-,-,-,-,-,-,-,-,-,-,-,-,-,-,-,-,-,-,-,-,
"북미","캐나다",소계,가전·전자·통신기기,통신기기,-,-,-,-,-,-,-,-,-,-,-,-,-,-,-,-,-,-,-,-,-,-,-,-,-,-,-,-,-,-,-,-,-,-,-,-,
"북미","캐나다",소계,소프트웨어,소계,-,-,-,-,-,-,-,-,-,-,-,-,-,-,-,-,-,-,-,-,-,-,-,-,-,-,-,-,-,-,-,-,-,-,-,-,
"북미","캐나다",소계,서 적,소계,-,-,-,-,-,-,-,-,-,-,-,-,-,-,-,-,-,-,-,-,-,-,-,-,-,-,-,-,-,-,-,-,-,-,-,-,
"북미","캐나다",소계,사무·문구,소계,-,-,-,-,-,-,-,-,-,-,-,-,-,-,-,-,-,-,-,-,-,-,-,-,-,-,-,-,-,-,-,-,-,-,-,-,
"북미","캐나다",소계,음반·비디오·악기,소계,-,-,-,-,-,-,-,-,-,-,-,-,-,-,-,-,-,-,-,-,-,-,-,-,-,-,-,-,-,-,-,-,-,-,-,-,
"북미","캐나다",소계,의류 및 패션 관련 상품,소계,-,-,-,-,-,-,-,-,-,-,-,-,-,-,-,-,-,-,-,-,-,-,-,-,-,-,-,-,-,-,-,-,-,-,-,-,
"북미","캐나다",소계,스포츠·레저용품,소계,-,-,-,-,-,-,-,-,-,-,-,-,-,-,-,-,-,-,-,-,-,-,-,-,-,-,-,-,-,-,-,-,-,-,-,-,
"북미","캐나다",소계,화장품,소계,-,-,-,-,-,-,-,-,-,-,-,-,-,-,-,-,-,-,-,-,-,-,-,-,-,-,-,-,-,-,-,-,-,-,-,-,
"북미","캐나다",소계,아동·유아용품,소계,-,-,-,-,-,-,-,-,-,-,-,-,-,-,-,-,-,-,-,-,-,-,-,-,-,-,-,-,-,-,-,-,-,-,-,-,
"북미","캐나다",소계,음·식료품,소계,-,-,-,-,-,-,-,-,-,-,-,-,-,-,-,-,-,-,-,-,-,-,-,-,-,-,-,-,-,-,-,-,-,-,-,-,
"북미","캐나다",소계,농축수산물,소계,-,-,-,-,-,-,-,-,-,-,-,-,-,-,-,-,-,-,-,-,-,-,-,-,-,-,-,-,-,-,-,-,-,-,-,-,
"북미","캐나다",소계,생활·자동차용품,소계,-,-,-,-,-,-,-,-,-,-,-,-,-,-,-,-,-,-,-,-,-,-,-,-,-,-,-,-,-,-,-,-,-,-,-,-,
"북미","캐나다",소계,기 타,소계,-,-,-,-,-,-,-,-,-,-,-,-,-,-,-,-,-,-,-,-,-,-,-,-,-,-,-,-,-,-,-,-,-,-,-,-,
"유럽","소계",소계,합계,소계,-,-,-,-,-,-,-,-,-,-,-,-,-,-,-,-,-,-,-,-,-,-,-,-,-,-,-,-,-,-,-,-,-,-,-,-,261269
"유럽","소계",소계,컴퓨터 및 주변기기,소계,-,-,-,-,-,-,-,-,-,-,-,-,-,-,-,-,-,-,-,-,-,-,-,-,-,-,-,-,-,-,-,-,-,-,-,-,
"유럽","소계",소계,가전·전자·통신기기,소계,-,-,-,-,-,-,-,-,-,-,-,-,-,-,-,-,-,-,-,-,-,-,-,-,-,-,-,-,-,-,-,-,-,-,-,-,
"유럽","소계",소계,가전·전자·통신기기,가전·전자,-,-,-,-,-,-,-,-,-,-,-,-,-,-,-,-,-,-,-,-,-,-,-,-,-,-,-,-,-,-,-,-,-,-,-,-,
"유럽","소계",소계,가전·전자·통신기기,통신기기,-,-,-,-,-,-,-,-,-,-,-,-,-,-,-,-,-,-,-,-,-,-,-,-,-,-,-,-,-,-,-,-,-,-,-,-,
"유럽","소계",소계,소프트웨어,소계,-,-,-,-,-,-,-,-,-,-,-,-,-,-,-,-,-,-,-,-,-,-,-,-,-,-,-,-,-,-,-,-,-,-,-,-,
"유럽","소계",소계,서 적,소계,-,-,-,-,-,-,-,-,-,-,-,-,-,-,-,-,-,-,-,-,-,-,-,-,-,-,-,-,-,-,-,-,-,-,-,-,
"유럽","소계",소계,사무·문구,소계,-,-,-,-,-,-,-,-,-,-,-,-,-,-,-,-,-,-,-,-,-,-,-,-,-,-,-,-,-,-,-,-,-,-,-,-,
"유럽","소계",소계,음반·비디오·악기,소계,-,-,-,-,-,-,-,-,-,-,-,-,-,-,-,-,-,-,-,-,-,-,-,-,-,-,-,-,-,-,-,-,-,-,-,-,
"유럽","소계",소계,의류 및 패션 관련 상품,소계,-,-,-,-,-,-,-,-,-,-,-,-,-,-,-,-,-,-,-,-,-,-,-,-,-,-,-,-,-,-,-,-,-,-,-,-,
"유럽","소계",소계,스포츠·레저용품,소계,-,-,-,-,-,-,-,-,-,-,-,-,-,-,-,-,-,-,-,-,-,-,-,-,-,-,-,-,-,-,-,-,-,-,-,-,
"유럽","소계",소계,화장품,소계,-,-,-,-,-,-,-,-,-,-,-,-,-,-,-,-,-,-,-,-,-,-,-,-,-,-,-,-,-,-,-,-,-,-,-,-,
"유럽","소계",소계,아동·유아용품,소계,-,-,-,-,-,-,-,-,-,-,-,-,-,-,-,-,-,-,-,-,-,-,-,-,-,-,-,-,-,-,-,-,-,-,-,-,
"유럽","소계",소계,음·식료품,소계,-,-,-,-,-,-,-,-,-,-,-,-,-,-,-,-,-,-,-,-,-,-,-,-,-,-,-,-,-,-,-,-,-,-,-,-,
"유럽","소계",소계,농축수산물,소계,-,-,-,-,-,-,-,-,-,-,-,-,-,-,-,-,-,-,-,-,-,-,-,-,-,-,-,-,-,-,-,-,-,-,-,-,
"유럽","소계",소계,생활·자동차용품,소계,-,-,-,-,-,-,-,-,-,-,-,-,-,-,-,-,-,-,-,-,-,-,-,-,-,-,-,-,-,-,-,-,-,-,-,-,
"유럽","소계",소계,기 타,소계,-,-,-,-,-,-,-,-,-,-,-,-,-,-,-,-,-,-,-,-,-,-,-,-,-,-,-,-,-,-,-,-,-,-,-,-,
"유럽","유럽연합+영국",소계,합계,소계,34098,35145,38616,52768,61090,60852,58554,74452,77098,79150,87258,122790,125720,111568,112203,127538,147690,137442,140009,195974,205168,202147,194686,258261,264665,210154,243819,315113,274902,262309,257138,344003,325392,269881,262504,278187,260343
"유럽","유럽연합+영국",소계,컴퓨터 및 주변기기,소계,74,69,139,101,136,160,160,157,192,160,191,231,203,182,139,195,186,199,166,245,228,236,255,209,243,262,342,374,445,524,468,530,609,519,485,551,
"유럽","유럽연합+영국",소계,가전·전자·통신기기,소계,1595,2022,2350,3051,4513,5310,4599,7261,7499,5841,5756,8442,8821,7623,7510,8964,8938,8186,7891,11556,11720,9500,8711,11194,13711,11408,10641,13252,14223,10802,9656,12087,13514,9568,8938,8101,
"유럽","유럽연합+영국",소계,가전·전자·통신기기,가전·전자,-,-,-,-,-,-,-,-,-,-,-,-,-,-,-,-,-,-,-,-,-,-,-,-,-,-,-,-,-,-,-,-,-,-,-,-,
"유럽","유럽연합+영국",소계,가전·전자·통신기기,통신기기,-,-,-,-,-,-,-,-,-,-,-,-,-,-,-,-,-,-,-,-,-,-,-,-,-,-,-,-,-,-,-,-,-,-,-,-,
"유럽","유럽연합+영국",소계,소프트웨어,소계,41,80,135,58,82,96,155,151,148,119,143,127,161,138,97,163,149,112,136,311,148,157,203,238,231,173,229,312,249,283,222,308,189,138,155,154,
"유럽","유럽연합+영국",소계,서 적,소계,210,173,196,194,183,375,232,255,312,322,313,362,464,366,380,487,455,448,586,577,663,772,732,872,1023,923,1593,1712,2320,2360,2127,3041,3139,2701,1605,2172,
"유럽","유럽연합+영국",소계,사무·문구,소계,56,47,52,75,100,95,94,129,136,130,122,163,179,176,160,176,220,189,211,240,241,210,236,247,252,256,335,444,455,434,352,430,484,442,376,476,
"유럽","유럽연합+영국",소계,음반·비디오·악기,소계,210,324,128,168,161,196,207,215,165,182,270,237,204,233,239,207,300,276,218,296,325,388,283,275,313,310,333,378,387,400,385,431,434,361,349,396,
"유럽","유럽연합+영국",소계,의류 및 패션 관련 상품,소계,12872,12792,14087,21637,25157,24798,23134,32510,30784,33418,40826,62075,63498,56620,59080,71152,87077,81884,83639,127454,131356,128735,122503,176709,173461,130049,158620,218397,172581,167044,165632,229373,213040,166920,163909,176124,
"유럽","유럽연합+영국",소계,스포츠·레저용품,소계,509,896,1334,1190,1191,2057,2454,909,1037,1443,1825,1212,1225,1319,1585,1089,1000,1140,1404,1143,1165,1519,1719,1245,1374,2025,2474,2752,2601,3411,3127,3547,3529,3921,4573,4192,
"유럽","유럽연합+영국",소계,화장품,소계,4275,3960,3486,5297,5699,5063,5614,9073,10469,8848,8344,12979,12996,10178,8091,11963,11863,9358,8815,11442,11880,11558,11182,13227,13938,10286,11834,14665,15479,12563,10921,16095,16460,12757,13222,13659,
"유럽","유럽연합+영국",소계,아동·유아용품,소계,281,266,365,355,529,763,602,708,591,995,656,803,616,927,569,694,649,657,652,732,714,913,1189,1303,1679,1591,1710,1708,2258,1737,1586,2018,1949,1541,1578,1326,
"유럽","유럽연합+영국",소계,음·식료품,소계,9388,10210,11597,14268,15793,14101,13442,15025,16855,18081,18669,23140,23743,20490,20014,17871,21642,20976,22195,26062,29852,32171,30932,34781,37155,32978,34353,35545,35960,35299,37282,42988,42387,42224,39908,42562,
"유럽","유럽연합+영국",소계,농축수산물,소계,3,4,3,2,4,5,4,5,5,5,3,13,23,19,10,26,30,25,6,17,21,12,10,15,18,11,6,16,25,20,13,29,7,9,8,14,
"유럽","유럽연합+영국",소계,생활·자동차용품,소계,2671,2436,2303,3463,3560,3470,3858,4399,5145,5244,5598,7831,7040,6435,7689,7745,8012,6806,7106,7719,8418,7669,8333,8770,10175,9447,10333,12048,14081,12718,12233,14792,14662,12818,12031,12393,
"유럽","유럽연합+영국",소계,기 타,소계,1913,1866,2441,2907,3981,4361,3998,3656,3760,4360,4546,5179,6551,6864,6637,6803,7166,7186,6986,8181,8438,8309,8398,9179,11094,10433,11015,13511,13840,14710,13133,18335,14990,15964,15367,16065,
"유럽","유럽연합+영국",유럽연합,합계,소계,-,-,-,-,-,-,-,-,-,-,-,-,-,-,-,-,-,-,-,-,-,-,-,-,-,-,-,-,-,-,-,-,-,-,-,-,196351
"유럽","유럽연합+영국",유럽연합,컴퓨터 및 주변기기,소계,-,-,-,-,-,-,-,-,-,-,-,-,-,-,-,-,-,-,-,-,-,-,-,-,-,-,-,-,-,-,-,-,-,-,-,-,
"유럽","유럽연합+영국",유럽연합,가전·전자·통신기기,소계,-,-,-,-,-,-,-,-,-,-,-,-,-,-,-,-,-,-,-,-,-,-,-,-,-,-,-,-,-,-,-,-,-,-,-,-,
"유럽","유럽연합+영국",유럽연합,가전·전자·통신기기,가전·전자,-,-,-,-,-,-,-,-,-,-,-,-,-,-,-,-,-,-,-,-,-,-,-,-,-,-,-,-,-,-,-,-,-,-,-,-,
"유럽","유럽연합+영국",유럽연합,가전·전자·통신기기,통신기기,-,-,-,-,-,-,-,-,-,-,-,-,-,-,-,-,-,-,-,-,-,-,-,-,-,-,-,-,-,-,-,-,-,-,-,-,
"유럽","유럽연합+영국",유럽연합,소프트웨어,소계,-,-,-,-,-,-,-,-,-,-,-,-,-,-,-,-,-,-,-,-,-,-,-,-,-,-,-,-,-,-,-,-,-,-,-,-,
"유럽","유럽연합+영국",유럽연합,서 적,소계,-,-,-,-,-,-,-,-,-,-,-,-,-,-,-,-,-,-,-,-,-,-,-,-,-,-,-,-,-,-,-,-,-,-,-,-,
"유럽","유럽연합+영국",유럽연합,사무·문구,소계,-,-,-,-,-,-,-,-,-,-,-,-,-,-,-,-,-,-,-,-,-,-,-,-,-,-,-,-,-,-,-,-,-,-,-,-,
"유럽","유럽연합+영국",유럽연합,음반·비디오·악기,소계,-,-,-,-,-,-,-,-,-,-,-,-,-,-,-,-,-,-,-,-,-,-,-,-,-,-,-,-,-,-,-,-,-,-,-,-,
"유럽","유럽연합+영국",유럽연합,의류 및 패션 관련 상품,소계,-,-,-,-,-,-,-,-,-,-,-,-,-,-,-,-,-,-,-,-,-,-,-,-,-,-,-,-,-,-,-,-,-,-,-,-,
"유럽","유럽연합+영국",유럽연합,스포츠·레저용품,소계,-,-,-,-,-,-,-,-,-,-,-,-,-,-,-,-,-,-,-,-,-,-,-,-,-,-,-,-,-,-,-,-,-,-,-,-,
"유럽","유럽연합+영국",유럽연합,화장품,소계,-,-,-,-,-,-,-,-,-,-,-,-,-,-,-,-,-,-,-,-,-,-,-,-,-,-,-,-,-,-,-,-,-,-,-,-,
"유럽","유럽연합+영국",유럽연합,아동·유아용품,소계,-,-,-,-,-,-,-,-,-,-,-,-,-,-,-,-,-,-,-,-,-,-,-,-,-,-,-,-,-,-,-,-,-,-,-,-,
"유럽","유럽연합+영국",유럽연합,음·식료품,소계,-,-,-,-,-,-,-,-,-,-,-,-,-,-,-,-,-,-,-,-,-,-,-,-,-,-,-,-,-,-,-,-,-,-,-,-,
"유럽","유럽연합+영국",유럽연합,농축수산물,소계,-,-,-,-,-,-,-,-,-,-,-,-,-,-,-,-,-,-,-,-,-,-,-,-,-,-,-,-,-,-,-,-,-,-,-,-,
"유럽","유럽연합+영국",유럽연합,생활·자동차용품,소계,-,-,-,-,-,-,-,-,-,-,-,-,-,-,-,-,-,-,-,-,-,-,-,-,-,-,-,-,-,-,-,-,-,-,-,-,
"유럽","유럽연합+영국",유럽연합,기 타,소계,-,-,-,-,-,-,-,-,-,-,-,-,-,-,-,-,-,-,-,-,-,-,-,-,-,-,-,-,-,-,-,-,-,-,-,-,
"유럽","유럽연합+영국",영국,합계,소계,-,-,-,-,-,-,-,-,-,-,-,-,-,-,-,-,-,-,-,-,-,-,-,-,-,-,-,-,-,-,-,-,-,-,-,-,63992
"유럽","유럽연합+영국",영국,컴퓨터 및 주변기기,소계,-,-,-,-,-,-,-,-,-,-,-,-,-,-,-,-,-,-,-,-,-,-,-,-,-,-,-,-,-,-,-,-,-,-,-,-,
"유럽","유럽연합+영국",영국,가전·전자·통신기기,소계,-,-,-,-,-,-,-,-,-,-,-,-,-,-,-,-,-,-,-,-,-,-,-,-,-,-,-,-,-,-,-,-,-,-,-,-,
"유럽","유럽연합+영국",영국,가전·전자·통신기기,가전·전자,-,-,-,-,-,-,-,-,-,-,-,-,-,-,-,-,-,-,-,-,-,-,-,-,-,-,-,-,-,-,-,-,-,-,-,-,
"유럽","유럽연합+영국",영국,가전·전자·통신기기,통신기기,-,-,-,-,-,-,-,-,-,-,-,-,-,-,-,-,-,-,-,-,-,-,-,-,-,-,-,-,-,-,-,-,-,-,-,-,
"유럽","유럽연합+영국",영국,소프트웨어,소계,-,-,-,-,-,-,-,-,-,-,-,-,-,-,-,-,-,-,-,-,-,-,-,-,-,-,-,-,-,-,-,-,-,-,-,-,
"유럽","유럽연합+영국",영국,서 적,소계,-,-,-,-,-,-,-,-,-,-,-,-,-,-,-,-,-,-,-,-,-,-,-,-,-,-,-,-,-,-,-,-,-,-,-,-,
"유럽","유럽연합+영국",영국,사무·문구,소계,-,-,-,-,-,-,-,-,-,-,-,-,-,-,-,-,-,-,-,-,-,-,-,-,-,-,-,-,-,-,-,-,-,-,-,-,
"유럽","유럽연합+영국",영국,음반·비디오·악기,소계,-,-,-,-,-,-,-,-,-,-,-,-,-,-,-,-,-,-,-,-,-,-,-,-,-,-,-,-,-,-,-,-,-,-,-,-,
"유럽","유럽연합+영국",영국,의류 및 패션 관련 상품,소계,-,-,-,-,-,-,-,-,-,-,-,-,-,-,-,-,-,-,-,-,-,-,-,-,-,-,-,-,-,-,-,-,-,-,-,-,
"유럽","유럽연합+영국",영국,스포츠·레저용품,소계,-,-,-,-,-,-,-,-,-,-,-,-,-,-,-,-,-,-,-,-,-,-,-,-,-,-,-,-,-,-,-,-,-,-,-,-,
"유럽","유럽연합+영국",영국,화장품,소계,-,-,-,-,-,-,-,-,-,-,-,-,-,-,-,-,-,-,-,-,-,-,-,-,-,-,-,-,-,-,-,-,-,-,-,-,
"유럽","유럽연합+영국",영국,아동·유아용품,소계,-,-,-,-,-,-,-,-,-,-,-,-,-,-,-,-,-,-,-,-,-,-,-,-,-,-,-,-,-,-,-,-,-,-,-,-,
"유럽","유럽연합+영국",영국,음·식료품,소계,-,-,-,-,-,-,-,-,-,-,-,-,-,-,-,-,-,-,-,-,-,-,-,-,-,-,-,-,-,-,-,-,-,-,-,-,
"유럽","유럽연합+영국",영국,농축수산물,소계,-,-,-,-,-,-,-,-,-,-,-,-,-,-,-,-,-,-,-,-,-,-,-,-,-,-,-,-,-,-,-,-,-,-,-,-,
"유럽","유럽연합+영국",영국,생활·자동차용품,소계,-,-,-,-,-,-,-,-,-,-,-,-,-,-,-,-,-,-,-,-,-,-,-,-,-,-,-,-,-,-,-,-,-,-,-,-,
"유럽","유럽연합+영국",영국,기 타,소계,-,-,-,-,-,-,-,-,-,-,-,-,-,-,-,-,-,-,-,-,-,-,-,-,-,-,-,-,-,-,-,-,-,-,-,-,
"유럽","기타 유럽",소계,합계,소계,-,-,-,-,-,-,-,-,-,-,-,-,-,-,-,-,-,-,-,-,-,-,-,-,-,-,-,-,-,-,-,-,-,-,-,-,927
"유럽","기타 유럽",소계,컴퓨터 및 주변기기,소계,-,-,-,-,-,-,-,-,-,-,-,-,-,-,-,-,-,-,-,-,-,-,-,-,-,-,-,-,-,-,-,-,-,-,-,-,
"유럽","기타 유럽",소계,가전·전자·통신기기,소계,-,-,-,-,-,-,-,-,-,-,-,-,-,-,-,-,-,-,-,-,-,-,-,-,-,-,-,-,-,-,-,-,-,-,-,-,
"유럽","기타 유럽",소계,가전·전자·통신기기,가전·전자,-,-,-,-,-,-,-,-,-,-,-,-,-,-,-,-,-,-,-,-,-,-,-,-,-,-,-,-,-,-,-,-,-,-,-,-,
"유럽","기타 유럽",소계,가전·전자·통신기기,통신기기,-,-,-,-,-,-,-,-,-,-,-,-,-,-,-,-,-,-,-,-,-,-,-,-,-,-,-,-,-,-,-,-,-,-,-,-,
"유럽","기타 유럽",소계,소프트웨어,소계,-,-,-,-,-,-,-,-,-,-,-,-,-,-,-,-,-,-,-,-,-,-,-,-,-,-,-,-,-,-,-,-,-,-,-,-,
"유럽","기타 유럽",소계,서 적,소계,-,-,-,-,-,-,-,-,-,-,-,-,-,-,-,-,-,-,-,-,-,-,-,-,-,-,-,-,-,-,-,-,-,-,-,-,
"유럽","기타 유럽",소계,사무·문구,소계,-,-,-,-,-,-,-,-,-,-,-,-,-,-,-,-,-,-,-,-,-,-,-,-,-,-,-,-,-,-,-,-,-,-,-,-,
"유럽","기타 유럽",소계,음반·비디오·악기,소계,-,-,-,-,-,-,-,-,-,-,-,-,-,-,-,-,-,-,-,-,-,-,-,-,-,-,-,-,-,-,-,-,-,-,-,-,
"유럽","기타 유럽",소계,의류 및 패션 관련 상품,소계,-,-,-,-,-,-,-,-,-,-,-,-,-,-,-,-,-,-,-,-,-,-,-,-,-,-,-,-,-,-,-,-,-,-,-,-,
"유럽","기타 유럽",소계,스포츠·레저용품,소계,-,-,-,-,-,-,-,-,-,-,-,-,-,-,-,-,-,-,-,-,-,-,-,-,-,-,-,-,-,-,-,-,-,-,-,-,
"유럽","기타 유럽",소계,화장품,소계,-,-,-,-,-,-,-,-,-,-,-,-,-,-,-,-,-,-,-,-,-,-,-,-,-,-,-,-,-,-,-,-,-,-,-,-,
"유럽","기타 유럽",소계,아동·유아용품,소계,-,-,-,-,-,-,-,-,-,-,-,-,-,-,-,-,-,-,-,-,-,-,-,-,-,-,-,-,-,-,-,-,-,-,-,-,
"유럽","기타 유럽",소계,음·식료품,소계,-,-,-,-,-,-,-,-,-,-,-,-,-,-,-,-,-,-,-,-,-,-,-,-,-,-,-,-,-,-,-,-,-,-,-,-,
"유럽","기타 유럽",소계,농축수산물,소계,-,-,-,-,-,-,-,-,-,-,-,-,-,-,-,-,-,-,-,-,-,-,-,-,-,-,-,-,-,-,-,-,-,-,-,-,
"유럽","기타 유럽",소계,생활·자동차용품,소계,-,-,-,-,-,-,-,-,-,-,-,-,-,-,-,-,-,-,-,-,-,-,-,-,-,-,-,-,-,-,-,-,-,-,-,-,
"유럽","기타 유럽",소계,기 타,소계,-,-,-,-,-,-,-,-,-,-,-,-,-,-,-,-,-,-,-,-,-,-,-,-,-,-,-,-,-,-,-,-,-,-,-,-,
"대양주","소계",소계,합계,소계,2312,2456,2585,2374,2401,2584,3051,3526,3922,4330,4790,5808,6056,5943,7054,8753,10101,10857,12687,19575,20380,20770,20721,24206,24569,18810,22368,29836,30980,25296,24574,33605,30322,26161,25579,32658,28550
"대양주","소계",소계,컴퓨터 및 주변기기,소계,8,9,7,8,14,19,15,14,17,11,10,19,9,7,9,9,23,10,7,62,11,4,45,38,22,21,61,27,48,63,51,193,104,69,65,79,
"대양주","소계",소계,가전·전자·통신기기,소계,5,4,23,46,18,21,19,43,35,29,30,46,62,48,41,53,114,136,183,1019,815,628,524,652,694,755,684,587,953,1031,703,899,784,398,447,621,
"대양주","소계",소계,가전·전자·통신기기,가전·전자,-,-,-,-,-,-,-,-,-,-,-,-,-,-,-,-,-,-,-,-,-,-,-,-,-,-,-,-,-,-,-,-,-,-,-,-,
"대양주","소계",소계,가전·전자·통신기기,통신기기,-,-,-,-,-,-,-,-,-,-,-,-,-,-,-,-,-,-,-,-,-,-,-,-,-,-,-,-,-,-,-,-,-,-,-,-,
"대양주","소계",소계,소프트웨어,소계,0,8,0,0,0,0,0,0,2,0,0,2,2,6,1,2,3,4,3,6,10,11,11,9,12,7,9,13,14,8,5,7,5,4,2,4,
"대양주","소계",소계,서 적,소계,8,5,9,10,10,11,27,25,20,43,87,24,10,16,17,28,34,21,22,42,20,25,16,22,28,29,29,33,32,29,19,68,53,30,75,92,
"대양주","소계",소계,사무·문구,소계,11,2,2,8,5,4,5,9,15,8,6,15,22,13,10,11,27,25,20,57,166,45,36,72,88,18,59,128,64,39,28,41,34,20,19,43,
"대양주","소계",소계,음반·비디오·악기,소계,3,2,0,3,2,50,4,1,0,1,0,0,19,20,2,2,6,2,1,15,2,15,2,3,1,3,7,4,9,6,3,5,5,4,9,6,
"대양주","소계",소계,의류 및 패션 관련 상품,소계,107,94,153,191,168,121,141,330,206,170,217,591,406,285,387,1499,910,708,860,3454,2040,1388,1403,3379,3147,1152,1528,6255,5001,1940,2010,8172,5111,2101,2442,9327,
"대양주","소계",소계,스포츠·레저용품,소계,5,2,3,3,8,14,13,9,8,23,18,35,21,15,12,17,21,24,27,110,58,36,43,61,51,32,46,86,71,70,72,192,228,256,145,89,
"대양주","소계",소계,화장품,소계,212,328,211,180,172,459,250,308,613,544,596,796,664,596,501,595,714,764,689,958,1060,1194,1150,1405,1307,975,1087,1308,1535,1428,1143,1364,1373,1267,1305,1429,
"대양주","소계",소계,아동·유아용품,소계,6,7,7,5,17,10,14,20,16,14,12,16,13,14,13,20,21,35,33,49,35,32,34,42,70,100,43,60,56,93,58,69,69,61,42,53,
"대양주","소계",소계,음·식료품,소계,1615,1663,1763,1568,1618,1560,2196,2400,2672,3016,3475,3750,4322,4380,5267,5778,7545,8423,10101,12583,14880,15902,16107,16976,17432,13986,16733,18673,20103,18367,18452,20242,20074,19826,19267,18888,
"대양주","소계",소계,농축수산물,소계,4,27,40,35,33,25,41,22,24,27,35,51,79,71,79,67,64,60,71,72,79,73,62,65,51,14,33,52,53,50,47,60,58,65,62,80,
"대양주","소계",소계,생활·자동차용품,소계,202,164,181,197,175,121,204,255,216,226,231,326,277,291,538,570,479,481,498,831,814,758,701,915,1002,686,812,1041,1097,947,973,1214,1312,1041,892,1078,
"대양주","소계",소계,기 타,소계,127,141,182,118,160,166,121,88,78,217,71,136,150,178,177,103,140,163,172,316,390,659,589,566,669,1029,1239,1570,1944,1226,1009,1076,1115,1016,809,867,
"중남미","소계",소계,합계,소계,5,17,11,12,6,13,7,26,17,38,262,190,37,46,29,38,35,39,45,47,39,47,61,64,60,40,91,50,53,77,69,91,102,88,63,84,265
"중남미","소계",소계,컴퓨터 및 주변기기,소계,0,0,0,0,0,2,1,0,0,0,0,1,0,0,0,0,1,0,0,0,3,1,0,0,0,2,0,0,0,0,1,0,1,0,1,3,
"중남미","소계",소계,가전·전자·통신기기,소계,0,0,2,0,0,0,1,2,1,,0,1,0,5,1,1,4,1,0,6,2,7,5,12,4,0,8,4,3,3,2,2,2,0,0,1,
"중남미","소계",소계,가전·전자·통신기기,가전·전자,-,-,-,-,-,-,-,-,-,-,-,-,-,-,-,-,-,-,-,-,-,-,-,-,-,-,-,-,-,-,-,-,-,-,-,-,
"중남미","소계",소계,가전·전자·통신기기,통신기기,-,-,-,-,-,-,-,-,-,-,-,-,-,-,-,-,-,-,-,-,-,-,-,-,-,-,-,-,-,-,-,-,-,-,-,-,
"중남미","소계",소계,소프트웨어,소계,0,0,0,0,0,0,0,0,0,0,0,0,0,0,0,0,0,0,0,0,0,0,0,0,0,0,0,0,0,0,0,0,0,0,0,0,
"중남미","소계",소계,서 적,소계,0,0,0,0,0,0,,0,,0,0,1,2,0,1,2,0,0,1,0,0,0,1,0,0,1,0,1,1,0,0,0,0,1,1,0,
"중남미","소계",소계,사무·문구,소계,0,0,,0,,,,0,,1,0,0,,0,0,0,0,0,0,1,1,1,1,0,0,0,0,0,0,2,0,0,3,1,1,0,
"중남미","소계",소계,음반·비디오·악기,소계,0,0,1,0,0,0,0,0,0,0,0,1,0,0,1,2,0,1,0,1,0,3,1,8,0,2,1,2,0,2,4,0,0,0,1,1,
"중남미","소계",소계,의류 및 패션 관련 상품,소계,2,1,3,2,1,4,1,19,12,23,239,172,27,23,20,16,18,27,37,21,26,22,37,29,37,9,34,18,16,27,27,18,31,33,29,32,
"중남미","소계",소계,스포츠·레저용품,소계,0,0,0,0,0,0,0,0,0,0,1,0,0,0,0,1,2,0,0,0,0,2,0,2,3,1,0,3,4,1,3,6,1,3,0,0,
"중남미","소계",소계,화장품,소계,0,1,0,0,0,2,0,0,0,0,0,2,0,0,0,0,0,0,0,0,0,0,0,1,0,1,0,0,1,0,0,0,0,0,2,1,
"중남미","소계",소계,아동·유아용품,소계,0,0,0,0,0,0,0,0,2,2,1,3,0,0,0,3,0,0,0,0,2,0,0,0,0,0,0,2,1,1,0,0,1,0,0,1,
"중남미","소계",소계,음·식료품,소계,0,2,0,1,1,0,1,1,0,3,1,2,4,3,0,1,2,3,0,2,1,0,0,4,3,5,8,5,3,3,6,5,3,6,6,7,
"중남미","소계",소계,농축수산물,소계,0,0,0,0,0,0,0,0,0,0,0,0,0,0,0,0,0,0,0,0,0,0,0,0,0,0,0,0,0,0,0,0,0,0,0,1,
"중남미","소계",소계,생활·자동차용품,소계,0,0,1,0,0,1,0,0,1,2,3,2,0,4,2,2,2,3,2,0,2,5,3,1,6,3,21,5,7,21,15,13,10,6,9,12,
"중남미","소계",소계,기 타,소계,2,12,2,6,4,5,2,4,0,6,16,3,5,9,4,7,4,3,2,16,2,4,12,7,4,12,16,13,18,17,9,46,45,37,12,23,
"아프리카","소계",소계,합계,소계,-,-,-,-,-,-,-,-,-,-,-,-,-,-,-,-,-,-,-,-,-,-,-,-,-,-,-,-,-,-,-,-,-,-,-,-,181
"아프리카","소계",소계,컴퓨터 및 주변기기,소계,-,-,-,-,-,-,-,-,-,-,-,-,-,-,-,-,-,-,-,-,-,-,-,-,-,-,-,-,-,-,-,-,-,-,-,-,
"아프리카","소계",소계,가전·전자·통신기기,소계,-,-,-,-,-,-,-,-,-,-,-,-,-,-,-,-,-,-,-,-,-,-,-,-,-,-,-,-,-,-,-,-,-,-,-,-,
"아프리카","소계",소계,가전·전자·통신기기,가전·전자,-,-,-,-,-,-,-,-,-,-,-,-,-,-,-,-,-,-,-,-,-,-,-,-,-,-,-,-,-,-,-,-,-,-,-,-,
"아프리카","소계",소계,가전·전자·통신기기,통신기기,-,-,-,-,-,-,-,-,-,-,-,-,-,-,-,-,-,-,-,-,-,-,-,-,-,-,-,-,-,-,-,-,-,-,-,-,
"아프리카","소계",소계,소프트웨어,소계,-,-,-,-,-,-,-,-,-,-,-,-,-,-,-,-,-,-,-,-,-,-,-,-,-,-,-,-,-,-,-,-,-,-,-,-,
"아프리카","소계",소계,서 적,소계,-,-,-,-,-,-,-,-,-,-,-,-,-,-,-,-,-,-,-,-,-,-,-,-,-,-,-,-,-,-,-,-,-,-,-,-,
"아프리카","소계",소계,사무·문구,소계,-,-,-,-,-,-,-,-,-,-,-,-,-,-,-,-,-,-,-,-,-,-,-,-,-,-,-,-,-,-,-,-,-,-,-,-,
"아프리카","소계",소계,음반·비디오·악기,소계,-,-,-,-,-,-,-,-,-,-,-,-,-,-,-,-,-,-,-,-,-,-,-,-,-,-,-,-,-,-,-,-,-,-,-,-,
"아프리카","소계",소계,의류 및 패션 관련 상품,소계,-,-,-,-,-,-,-,-,-,-,-,-,-,-,-,-,-,-,-,-,-,-,-,-,-,-,-,-,-,-,-,-,-,-,-,-,
"아프리카","소계",소계,스포츠·레저용품,소계,-,-,-,-,-,-,-,-,-,-,-,-,-,-,-,-,-,-,-,-,-,-,-,-,-,-,-,-,-,-,-,-,-,-,-,-,
"아프리카","소계",소계,화장품,소계,-,-,-,-,-,-,-,-,-,-,-,-,-,-,-,-,-,-,-,-,-,-,-,-,-,-,-,-,-,-,-,-,-,-,-,-,
"아프리카","소계",소계,아동·유아용품,소계,-,-,-,-,-,-,-,-,-,-,-,-,-,-,-,-,-,-,-,-,-,-,-,-,-,-,-,-,-,-,-,-,-,-,-,-,
"아프리카","소계",소계,음·식료품,소계,-,-,-,-,-,-,-,-,-,-,-,-,-,-,-,-,-,-,-,-,-,-,-,-,-,-,-,-,-,-,-,-,-,-,-,-,
"아프리카","소계",소계,농축수산물,소계,-,-,-,-,-,-,-,-,-,-,-,-,-,-,-,-,-,-,-,-,-,-,-,-,-,-,-,-,-,-,-,-,-,-,-,-,
"아프리카","소계",소계,생활·자동차용품,소계,-,-,-,-,-,-,-,-,-,-,-,-,-,-,-,-,-,-,-,-,-,-,-,-,-,-,-,-,-,-,-,-,-,-,-,-,
"아프리카","소계",소계,기 타,소계,-,-,-,-,-,-,-,-,-,-,-,-,-,-,-,-,-,-,-,-,-,-,-,-,-,-,-,-,-,-,-,-,-,-,-,-,
"기타","소계",소계,합계,소계,612,608,518,794,891,1158,3268,2069,1609,2138,3669,3370,2971,3082,2764,3493,3528,3992,3752,6397,4810,5257,5330,8059,8400,8091,8809,12790,12928,12029,13383,17262,18790,15132,16006,15673,-
"기타","소계",소계,컴퓨터 및 주변기기,소계,8,6,16,18,17,4,16,29,13,20,9,14,25,13,22,17,26,11,7,60,19,23,30,36,14,20,43,48,53,43,34,45,46,49,36,48,-
"기타","소계",소계,가전·전자·통신기기,소계,29,22,24,79,56,97,23,34,34,31,43,93,55,69,61,65,57,87,88,147,96,110,53,81,156,115,72,123,123,149,92,102,131,79,141,165,-
"기타","소계",소계,가전·전자·통신기기,가전·전자,-,-,-,-,-,-,-,-,-,-,-,-,-,-,-,-,-,-,-,-,-,-,-,-,-,-,-,-,-,-,-,-,-,-,-,-,-
"기타","소계",소계,가전·전자·통신기기,통신기기,-,-,-,-,-,-,-,-,-,-,-,-,-,-,-,-,-,-,-,-,-,-,-,-,-,-,-,-,-,-,-,-,-,-,-,-,-
"기타","소계",소계,소프트웨어,소계,12,23,13,20,8,12,7,8,4,2,4,4,3,4,4,5,3,1,2,3,1,4,2,2,4,4,2,9,13,4,11,19,10,2,4,8,-
"기타","소계",소계,서 적,소계,29,55,32,26,23,13,11,13,13,8,8,21,25,28,19,20,22,22,20,21,26,24,15,33,28,51,70,145,85,114,94,128,141,71,82,85,-
"기타","소계",소계,사무·문구,소계,5,4,3,8,7,5,4,5,2,1,2,4,6,9,6,7,7,4,5,10,6,5,7,8,5,16,12,13,16,14,22,20,14,16,26,27,-
"기타","소계",소계,음반·비디오·악기,소계,15,9,10,7,14,13,4,12,4,12,21,9,5,8,9,15,10,10,20,13,10,13,11,20,14,15,12,20,39,44,37,38,43,21,19,26,-
"기타","소계",소계,의류 및 패션 관련 상품,소계,160,180,191,332,300,452,2634,1317,740,1407,681,2014,1352,1708,1361,2324,1929,2324,2174,4405,2643,2827,2469,4953,3639,3821,4527,7490,6844,5896,7460,10162,11533,7455,8922,8576,-
"기타","소계",소계,스포츠·레저용품,소계,9,9,5,7,12,5,12,21,7,12,16,28,21,24,22,23,21,23,37,26,19,27,43,45,75,47,112,92,90,76,80,86,94,60,88,90,-
"기타","소계",소계,화장품,소계,18,16,8,10,101,52,40,239,229,98,41,90,81,58,45,65,66,42,40,100,90,54,39,78,137,73,110,179,233,199,156,272,306,236,228,472,-
"기타","소계",소계,아동·유아용품,소계,12,6,8,6,26,15,4,9,7,4,19,18,14,16,52,21,17,17,15,17,16,14,16,27,21,15,23,48,39,39,36,51,42,39,29,50,-
"기타","소계",소계,음·식료품,소계,77,112,108,135,123,231,392,187,376,341,357,897,1145,859,801,719,926,1054,1128,1248,1585,1756,2252,2446,3393,3155,3224,3838,4469,4460,4138,5241,5444,5702,5389,5376,-
"기타","소계",소계,농축수산물,소계,0,1,0,0,0,1,4,2,2,1,0,5,6,7,5,8,6,7,6,5,5,5,32,5,8,76,63,6,189,247,159,194,165,100,93,55,-
"기타","소계",소계,생활·자동차용품,소계,16,15,16,19,23,27,32,30,47,42,56,57,67,64,84,106,92,104,83,94,99,99,92,109,410,165,156,216,237,232,209,315,324,540,316,268,-
"기타","소계",소계,기 타,소계,222,150,85,125,182,229,87,163,129,160,2413,116,168,215,270,101,345,287,127,248,192,298,271,216,494,517,384,563,499,511,855,589,493,763,633,429,-
